incident_id,incident_name,incident_longitude,incident_latitude,incident_county,incident_date_last_update,incident_dateonly_extinguished,incident_is_final,incident_date_created,incident_administrative_unit,incident_administrative_unit_url,incident_location,incident_acres_burned,incident_containment,incident_control,incident_cooperating_agencies,incident_type,incident_url,incident_date_extinguished,incident_dateonly_created,is_active,calfire_incident,notification_desired
fccf2545-cab8-452e-829c-8379054831f0,Moreno Fire,-117.17773,33.94673,Riverside,2021-06-04T10:48:19Z,2018-01-09,Y,2017-05-23T13:13:00Z,CAL FIRE/Riverside County Fire,,Ironwood Avenue and Moreno Beach Drive,10,100,.,CAL FIRE/Riverside County Fire,,https://www.fire.ca.gov/incidents/2017/5/23/moreno-fire/,2018-01-09T10:08:00Z,2017-05-23,N,TRUE,FALSE
1c0e692a-8afc-41e9-8ac7-d27b977f0cdd,Milepost 21 Fire,-123.6986222,41.1849445,Humboldt,2021-05-19T16:31:35Z,2020-08-18,Y,2020-07-20T15:44:53Z,Hoopa Valley Indian Reservation,,"Highway 96 and Deerhorn Rd, southeast of Weitchpec",100,100,,Hoopa Valley Indian Reservation,Wildfire,https://www.fire.ca.gov/incidents/2020/7/20/milepost-21-fire/,2020-08-18T18:09:00Z,2020-07-20,N,FALSE,FALSE
b341b09d-2024-4b2a-a439-f39409abb432,Fields Fire,-121.450982,39.181047,Yuba,2021-06-15T10:05:39Z,2020-10-07,Y,2020-10-07T06:06:33Z,CAL FIRE Nevada Yuba Placer Unit,,"Gold Field Road and Hammonton Road, Northeast of Marigold",56,100,,,Wildfire,https://www.fire.ca.gov/incidents/2020/10/7/fields-fire/,2020-10-07T08:34:00Z,2020-10-07,N,TRUE,FALSE
2347b6fb-8468-46bb-9917-d5cea3f1efdd,Erbes Fire,-118.83967,34.20955,Ventura,2021-01-25T13:45:12Z,2021-01-15,Y,2021-01-14T16:00:00Z,Ventura County Fire Department,,Erbes Road and Westland Place,250,100,,Ventura County Fire Department,Wildfire,https://www.fire.ca.gov/incidents/2021/1/14/erbes-fire/,2021-01-15T13:45:05Z,2021-01-14,N,FALSE,FALSE
68c11904-f38b-4aa0-ab90-b3c805c4e8cd,Manzanita Fire,-119.51982,37.25086,Madera,2021-01-20T15:25:41Z,,Y,2021-01-19T12:08:00Z,CAL FIRE Madera Mariposa Merced Unit,,"Manzanita Lake Drive and Road 222, North of North Fork",23,100,,,Wildfire,https://www.fire.ca.gov/incidents/2021/1/19/manzanita-fire/,,2021-01-19,N,TRUE,FALSE
929a21bc-65a0-49b4-bc90-bfa5457987e4,Bonny Doone Complex (Previously Fanning Fire),-122.10509,37.08931,Santa Cruz,2021-01-21T18:38:20Z,,Y,2021-01-19T06:48:00Z,CAL FIRE San Mateo Santa Cruz Unit,,"Fanning Grade and Harmony Hill Road, East of Ben Lomond",20,100,,,Wildfire,https://www.fire.ca.gov/incidents/2021/1/19/bonny-doone-complex-previously-fanning-fire/,,2021-01-19,N,TRUE,FALSE
2657090b-ec47-4fbe-bc4e-400cd50a8d55,North Butano Fire,-122.28823,37.18259,San Mateo,2021-01-21T18:33:54Z,,Y,2021-01-18T21:00:00Z,CAL FIRE San Mateo Santa Cruz Unit,,"Off of Old Womans Creek Road , South of Loma Mar",15,100,,,Wildfire,https://www.fire.ca.gov/incidents/2021/1/18/north-butano-fire/,,2021-01-18,N,TRUE,FALSE
9b2b5a16-52cf-4f2e-bc8a-a3af75b28522,China Grade Fire,-122.1756,37.17749,Santa Cruz,2021-02-18T14:11:18Z,,Y,2021-01-18T21:00:00Z,CAL FIRE San Mateo Santa Cruz Unit,,"China Grade Road and Foxglove Lane, Northwest of Boulder Creek",22,100,,,,https://www.fire.ca.gov/incidents/2021/1/18/china-grade-fire/,,2021-01-18,N,TRUE,FALSE
b38fdc2c-3108-4273-8a67-8d69bdbfb6bb,72 Fire,-116.10723,33.52871,Riverside,2021-01-25T13:47:05Z,2021-01-20,Y,2021-01-19T14:48:24Z,CAL FIRE/ Riverside County Fire Department,,"Ave 72 and Pierce St, south of Oasis",43,100,,CAL FIRE/ Riverside County Fire Department,Wildfire,https://www.fire.ca.gov/incidents/2021/1/19/72-fire/,2021-01-20T13:46:53Z,2021-01-19,N,TRUE,FALSE
79aca6f4-ee40-44e8-9dff-069c36c36fc1,Towsley Fire,-118.5553174,34.3585229,Los Angeles,2021-02-18T14:10:17Z,2021-01-22,Y,2021-01-19T15:04:08Z,Los Angeles County Fire Department,,"Towsley Canyon Road and I-5, South of Santa Clarita",184,100,,Los Angeles County Fire Department,,https://www.fire.ca.gov/incidents/2021/1/19/towsley-fire/,2021-01-22T18:12:36Z,2021-01-19,N,TRUE,FALSE
7be84564-edf7-4724-99ba-5c1ee7f86e30,Panther Ridge Fire,-122.13372,37.18381,Santa Cruz,2021-02-19T11:21:26Z,2021-01-22,Y,2021-01-19T15:25:39Z,CAL FIRE San Mateo-Santa Cruz Unit,,"Stapp Rd and Hwy 9, north of Boulder Creek",20,100,,,Wildfire,https://www.fire.ca.gov/incidents/2021/1/19/panther-ridge-fire/,2021-01-22T18:02:12Z,2021-01-19,N,TRUE,FALSE
1ebddf4e-0190-4363-a858-ac789206b5fd,Freedom Fire,-121.83627,36.98767,Santa Cruz,2021-03-02T20:32:36Z,2021-01-22,Y,2021-01-19T19:13:18Z,CAL FIRE San Mateo Santa Cruz Unit,,"Freedom Boulevard and Hames Road, East of Aptos.",37,100,,,Wildfire,https://www.fire.ca.gov/incidents/2021/1/19/freedom-fire/,2021-01-22T18:09:27Z,2021-01-19,N,TRUE,FALSE
21a360ea-3a4e-4267-986e-3bb1416ca05b,Grapevine Fire,-117.5910734,35.58198161,Kern,2021-03-24T10:03:09Z,2021-03-20,Y,2021-03-14T18:35:00Z,Bureau of Land Management,,"Grapevine Canyon & West of Hwy 395, Northwest of Ridgecrest",86,100,,Bureau of Land Management,Wildfire,https://www.fire.ca.gov/incidents/2021/3/14/grapevine-fire/,2021-03-20T09:54:54Z,2021-03-14,N,FALSE,FALSE
0c3c5916-b391-4916-ad16-059c094da426,Line Fire,-120.131236,37.813464,Tuolumne,2021-03-31T19:09:07Z,,Y,2021-03-28T14:43:24Z,CAL FIRE Tuolumne-Calaveras Unit,,"Shortline Rd and Hells Hollow Rd, East of Groveland",23,100,,,Fire,https://www.fire.ca.gov/incidents/2021/3/28/line-fire/,,2021-03-28,N,TRUE,FALSE
da35c08b-9f0a-42b2-9e1f-b6e9a545d3fb,Woodman Fire,-122.0536419,40.6758842,Shasta,2021-04-01T21:19:22Z,2021-04-01,Y,2021-04-01T15:56:00Z,CAL FIRE Shasta-Trinity Unit,,"Oak Run Road and Snider Ranch Road, South West of Oak Run in Shasta County.",35,100,,,Wildfire,https://www.fire.ca.gov/incidents/2021/4/1/woodman-fire/,2021-04-01T21:19:17Z,2021-04-01,N,TRUE,FALSE
1f31ac02-436e-4555-b7d1-32b636c11c17,Westwood Fire,-118.700095,34.30277328,Ventura,2021-04-05T17:25:05Z,2021-04-05,Y,2021-04-04T15:52:00Z,Ventura County Fire Department,,Westwood Street and Cottonwood Drive in Simi Valley,25,100,,,Fire,https://www.fire.ca.gov/incidents/2021/4/4/westwood-fire/,2021-04-05T17:24:38Z,2021-04-04,N,TRUE,FALSE
02ba1be4-fecc-49a6-927d-8da38d215851,Paso Fire,-116.582369,32.958961,San Diego,2021-04-13T18:48:26Z,2021-04-13,Y,2021-04-12T18:44:23Z,CAL FIRE San Diego Unit,,"Lookout Road and Hwy 79, North of Cuyamaca Rancho State Park",28,100,,,Wildfire,https://www.fire.ca.gov/incidents/2021/4/12/paso-fire/,2021-04-13T18:00:00Z,2021-04-12,N,FALSE,FALSE
6a7cee19-fc90-4f87-a306-48ccd9cee200,Turnout Fire,-123.35838,38.99914,Mendocino,2021-04-25T02:09:40Z,2021-04-24,Y,2021-04-18T17:46:54Z,CAL FIRE Mendocino Unit,,Highway 253 and Boonville Rd,200,100,,,Wildfire,https://www.fire.ca.gov/incidents/2021/4/18/turnout-fire/,2021-04-24T19:04:15Z,2021-04-18,N,TRUE,FALSE
81d9dc1d-9cff-4a22-a6c6-2a4f94cf30ed,River Fire,-121.5896697,38.9743823,Sutter,2021-05-06T16:35:39Z,2021-05-01,Y,2021-04-19T20:29:35Z,Sutter County Fire Department,,"Garden Hwy and Star Bend Road, South of Yuba City",80,100,,Sutter County Fire Department,Wildfire,https://www.fire.ca.gov/incidents/2021/4/19/river-fire/,2021-05-01T09:35:18Z,2021-04-19,N,FALSE,FALSE
3093980c-b80f-4b7b-a040-d4fc868142ca,Wolves Fire,-1191414610,34.9471195,Kern,2021-04-23T01:08:52Z,,Y,2021-04-23T00:34:19Z,Kern County Fire Department,,"Dead end of Goldcrest St, south west of Bakersfield",50,100,,Kern County Fire Department,Wildfire,https://www.fire.ca.gov/incidents/2021/4/23/wolves-fire/,,2021-04-23,N,FALSE,FALSE
92aa05b8-83d8-45ec-b079-86d7698086a5,Luis Fire,-121.143154,37.0953436,Merced,2021-04-25T02:01:24Z,2021-04-24,Y,2021-04-24T14:50:00Z,CAL FIRE MMU,,San Luis Reservoir near Santa Nella,93,100,,,Fire,https://www.fire.ca.gov/incidents/2021/4/24/luis-fire/,2021-04-24T19:01:18Z,2021-04-24,N,TRUE,FALSE
4f4775e4-cd91-4f78-a1de-9c15213ebed2,North Fire,-118.616276,34.449686,Los Angeles,2021-05-10T16:58:15Z,2021-05-03,Y,2021-04-28T23:04:57Z,Los Angeles County Fire Department,,"West Live Oak Rd and Biscailuz Rd , Castaic",650,100,,Los Angeles County Fire Department,Wildfire,https://www.fire.ca.gov/incidents/2021/4/28/north-fire/,2021-05-03T09:57:29Z,2021-04-28,N,FALSE,FALSE
5f8ebcac-e1f0-4659-9f38-f3e862a3a440,Sky Fire,-122.5177156,38.88437128,Lake,2021-05-02T00:34:13Z,2021-05-01,Y,2021-04-29T12:44:00Z,CAL FIRE Sonoma-Lake Napa Unit,,"Morgan Valley Road and Sloan Ranch Road, Southeast of Clearlake",65,100,,,Wildfire,https://www.fire.ca.gov/incidents/2021/4/29/sky-fire/,2021-05-01T17:32:27Z,2021-04-29,N,TRUE,FALSE
4567cb5b-ef86-4630-81ef-f442fc07dc3e,Campo Fire,-120.856628,38.223179,Calaveras,2021-05-04T01:29:32Z,,Y,2021-04-29T23:18:41Z,CAL FIRE Tuolumne-Calaveras Unit,,"Buckboard Lane and Campo Seco Rd, Campo Seco, Valley Springs",160,100,,,Wildfire,https://www.fire.ca.gov/incidents/2021/4/29/campo-fire/,,2021-04-29,N,TRUE,FALSE
63892d1b-fd0d-4120-be74-242857e211ee,Salmon Fire,-121.034998,38.773294,El Dorado,2021-05-12T22:17:49Z,,Y,2021-05-01T21:02:48Z,CAL FIRE Amador-El Dorado Unit,,"Salmon Falls Road at the American River, North East of El Dorado Hills in El Dorado County.",32,100,"Firefighters worked throughout the night and as of this morning have achieved 40% containment. The focus today is to strengthen containment lines and mop up hot spots. With the help of firefighters from CAL FIRE - Santa Clara Unit, it is anticipated that crews will make good progress toward full containment today.",,Wildfire,https://www.fire.ca.gov/incidents/2021/5/1/salmon-fire/,,2021-05-01,N,TRUE,FALSE
fb63695d-fd59-47dd-9247-e5a7099b5fce,Creek Fire,-116.767011,33.532246,Riverside,2021-05-06T15:47:51Z,2021-05-04,Y,2021-05-04T13:28:00Z,CAL FIRE Riverside Unit,,Cahuilla Creek Motocross and Highway 371 in Anza,32,100,,,Wildfire,https://www.fire.ca.gov/incidents/2021/5/4/creek-fire/,2021-05-04T18:00:00Z,2021-05-04,N,TRUE,FALSE
c3f573fc-ece2-4b19-a67e-069bf3fc0c16,Bridge Fire,-117.044072,33.86972,Riverside,2021-05-06T13:56:57Z,2021-05-06,Y,2021-05-05T23:30:06Z,CAL FIRE/Riverside County Fire Department,,Gilman Springs Road and Bridge Street,226,100,,CAL FIRE/Riverside County Fire Department,Wildfire,https://www.fire.ca.gov/incidents/2021/5/5/bridge-fire/,2021-05-06T06:56:43Z,2021-05-05,N,TRUE,FALSE
baef627e-c3ba-4c3c-8a55-a168839aa2c8,Granite Fire,-120.85258,38.03106,Calaveras,2021-05-11T22:24:27Z,2021-05-08,Y,2021-05-08T15:02:45Z,CAL FIRE Tuolumne-Calaveras Unit,,Milton Road and Rock Creek Road,118,100,,,Wildfire,https://www.fire.ca.gov/incidents/2021/5/8/granite-fire/,2021-05-08T21:35:49Z,2021-05-08,N,TRUE,FALSE
0b59568a-ab13-4acf-965a-18e9b18ae223,Dillard Fire,-121.45965,38.28328,Sacramento,2021-05-12T22:21:17Z,2021-05-08,Y,2021-05-08T17:29:49Z,Sacramento County Metro Fire Department,,Fig Road,44,100,,,Wildfire,https://www.fire.ca.gov/incidents/2021/5/8/dillard-fire/,2021-05-08T20:05:33Z,2021-05-08,N,FALSE,FALSE
ee1dc476-97d4-4da9-a2ba-d3e9f5116309,Quail Fire,-121.361339,39.2510745,Yuba,2021-05-12T21:53:44Z,2021-05-12,Y,2021-05-12T20:48:43Z,CAL FIRE Nevada-Yuba-Placer Unit,,"Quail Run Ave and Key Ct, northwest of Smartsville",35,100,,,Wildfire,https://www.fire.ca.gov/incidents/2021/5/12/quail-fire/,2021-05-12T14:53:27Z,2021-05-12,N,TRUE,FALSE
3bd5d90f-8131-48a0-a02f-1677e5394ce1,Pine Fire,-117.663815,34.454231,Los Angeles,2021-05-21T12:24:23Z,2021-05-20,Y,2021-05-12T22:46:39Z,Los Angeles County Fire Department,,"Hwy 138 and 248th St, Pinion Hills",442,100,,Los Angeles County Fire Department,Wildfire,https://www.fire.ca.gov/incidents/2021/5/12/pine-fire/,2021-05-20T12:23:55Z,2021-05-12,N,FALSE,FALSE
5afc3e64-eb8a-4aad-9bb5-1f9a20f84bb0,Fields Fire,-120.419624,37.560209,Merced,2021-05-15T19:03:07Z,2021-05-15,Y,2021-05-14T14:00:00Z,CAL FIRE Madera-Mariposa-Merced Unit,,"La Grange Rd and Fields Rd, Community of Snelling",97,100,,,Wildfire,https://www.fire.ca.gov/incidents/2021/5/14/fields-fire/,2021-05-15T11:58:36Z,2021-05-14,N,TRUE,FALSE
0c1abd92-b131-40f4-bcf7-f6d1871af6a1,R-1 Fire,-120.094517,40.971612,Lassen,2021-05-26T12:48:47Z,2021-05-15,Y,2021-05-14T13:03:00Z,BLM Northern Operations District,,Cottonwood Mountains northeast Ravendale,29,100,,CAL FIRE Lassen-Modoc Unit,Wildfire,https://www.fire.ca.gov/incidents/2021/5/14/r-1-fire/,2021-05-15T12:48:28Z,2021-05-14,N,FALSE,FALSE
8c1bfb66-4002-498a-ae39-62b584718519,Palisades Fire,-118.558938,34.079046,Los Angeles,2021-06-01T16:00:12Z,2021-05-26,Y,2021-05-14T21:50:41Z,Los Angeles County Fire Department,,"Palisades Court and Michael Lane, Topanga Canyon",1202,100,,Los Angeles County Fire Department,Wildfire,https://www.fire.ca.gov/incidents/2021/5/14/palisades-fire/,2021-05-26T18:00:00Z,2021-05-14,N,FALSE,FALSE
1882364c-9710-47ab-9871-349a76a60173,Davis Fire,-117.1116,33.8948,Riverside,2021-05-20T08:07:58Z,2021-05-19,Y,2021-05-18T13:30:00Z,CAL FIRE Riverside County Fire Department,,"Davis Road and Theodore Street, Southeast of Moreno Valley",300,100,,CAL FIRE Riverside County Fire Department,,https://www.fire.ca.gov/incidents/2021/5/18/davis-fire/,2021-05-19T07:44:21Z,2021-05-18,N,TRUE,FALSE
e8b4ee36-20b5-4d20-93a4-831ef2e5c659,Parkside Fire,-115.917099,33.50994,Riverside,2021-05-21T10:26:30Z,2021-05-20,Y,2021-05-19T15:54:00Z,CAL FIRE Riverside/ Riverside County Fire Department,,"Highway 111 And Parkside Drive, Southeast of Mecca",17,100,,CAL FIRE Riverside/ Riverside County Fire Department,,https://www.fire.ca.gov/incidents/2021/5/19/parkside-fire/,2021-05-20T19:53:00Z,2021-05-19,N,TRUE,FALSE
aefbc94c-63b5-4767-aa12-a8bc8ed80d87,Settlers Fire,-121.01365,38.56101,El Dorado,2021-05-21T12:59:28Z,2021-05-21,Y,2021-05-19T14:56:00Z,CAL FIRE Amador El Dorado Unit,,"Settlers Trail, East of Latrobe",45,100,,,,https://www.fire.ca.gov/incidents/2021/5/19/settlers-fire/,2021-05-21T12:59:21Z,2021-05-19,N,TRUE,FALSE
a5bcf6ba-3e09-49f8-b4c4-1b134aa5c83f,WeeVill Fire,-118.5044868,34.7591895,Los Angeles,2021-05-24T13:35:57Z,2021-05-22,Y,2021-05-20T09:27:00Z,Los Angeles County Fire Department,,"Hwy 138 and 210th Street W, 15 miles west of Lancaster",300,100,,Los Angeles County Fire Department,Wildfire,https://www.fire.ca.gov/incidents/2021/5/20/weevill-fire/,2021-05-22T13:35:16Z,2021-05-20,N,FALSE,FALSE
8e8900a0-814f-425a-8b37-bd5098222959,Bluff Fire,-123.66003,41.23106,Humboldt,2021-06-07T08:27:30Z,2021-06-06,N,2021-05-21T06:55:59Z,USFS Six Rivers National Forest,,"Bluff Creek and Wright Place, north of Weitchpec",25,100,,USFS Six Rivers National Forest,Wildfire,https://www.fire.ca.gov/incidents/2021/5/21/bluff-fire/,2021-06-06T12:26:00Z,2021-05-21,N,FALSE,FALSE
53d124c0-3cc9-436a-8c35-87a9019a3d24,Tomki Fire,-123.23205,39.384319,Mendocino,2021-05-24T18:47:48Z,2021-05-24,Y,2021-05-21T15:36:15Z,CAL FIRE Mendocino Unit,,"Tomki Road and Appaloosa Way, North of Redwood Valley",18,100,,,,https://www.fire.ca.gov/incidents/2021/5/21/tomki-fire/,2021-05-24T18:47:21Z,2021-05-21,N,TRUE,FALSE
9116b7e9-66c8-417b-a1f6-b9b078e240d6,Lake Fire,-117.471517,33.965596,Riverside,2021-05-27T07:04:31Z,2021-05-27,Y,2021-05-24T13:30:26Z,CAL FIRE/Riverside County Fire Department,,"Santa Ana River Bottom near Lakeview Ave and Pedley Rd, Jurupa Valley",115,100,,CAL FIRE/Riverside County Fire Department,Wildfire,https://www.fire.ca.gov/incidents/2021/5/24/lake-fire/,2021-05-27T07:04:11Z,2021-05-24,N,TRUE,FALSE
4f6bdd52-abdc-4c93-a48b-7d7adae05cfc,Live Oak Fire,-120.00392,37.45646,Mariposa,2021-05-31T18:51:36Z,2021-05-31,Y,2021-05-27T14:36:00Z,CAL FIRE Madera Mariposa Merced Unit,,"Live Oak Rd and Yaqui Gulch Rd, West of Mormon Bar",197,100,,,Wildfire,https://www.fire.ca.gov/incidents/2021/5/27/live-oak-fire/,2021-05-31T18:50:19Z,2021-05-27,N,TRUE,FALSE
cfdab623-d2b2-4d61-a227-be32ebb3fac4,Mile Fire,-120.8391587,37.89346197,Stanislaus,2021-05-28T06:44:42Z,2021-05-28,Y,2021-05-27T18:44:00Z,CAL FIRE Tuolomne- Calaveras Unit,,"E. Sonora Road and 28 Mile Road, Northeast of Woodward Reservoir",508,100,,,,https://www.fire.ca.gov/incidents/2021/5/27/mile-fire/,2021-05-28T06:44:37Z,2021-05-27,N,TRUE,FALSE
81777c5a-cf1d-4161-a261-97c55a8393c0,Slope Fire,-119.3484122,36.86201725,Fresno,2021-06-02T17:35:50Z,,Y,2021-05-31T16:24:20Z,Fresno-Kings County Fire,,Off Trimmer Springs Road and Sunnyslope Road in Fresno County.,25,100,,,Wildfire,https://www.fire.ca.gov/incidents/2021/5/31/slope-fire/,,2021-05-31,N,TRUE,FALSE
033ee676-f2f0-4ea8-bbc9-b0bb02de3462,Smalley Fire,-119.5166045,37.1619216,Madera,2021-06-04T07:25:08Z,2021-06-03,Y,2021-05-31T19:12:45Z,Madera-Mariposa-Merced Unit,,"Road 222 and Tunoi Place , South of the town of North Fork in Madera County.",45,100,,,Wildfire,https://www.fire.ca.gov/incidents/2021/5/31/smalley-fire/,2021-06-03T07:24:58Z,2021-05-31,N,TRUE,FALSE
c8ae5d37-89ac-4d57-904e-720ef7012edc,Scott Fire,-117.089849,33.631955,Riverside,2021-06-01T20:19:22Z,2021-06-01,Y,2021-06-01T13:06:00Z,CAL FIRE Riverside/ Riverside County Fire Department,,"Winchester Road and Scott Road, South of Winchester",28,100,,CAL FIRE Riverside/ Riverside County Fire Department,,https://www.fire.ca.gov/incidents/2021/6/1/scott-fire/,2021-06-01T20:14:45Z,2021-06-01,N,TRUE,FALSE
760bd55e-7296-44c7-a8ea-917e1751d811,Coyote Fire,-116.90145,33.895007,Riverside,2021-06-04T17:11:51Z,2021-06-04,Y,2021-06-02T18:30:00Z,CAL FIRE/Riverside County Fire Department,,"Old Banning Idyllwild Road, south of Shirleon Drive",43,100,,CAL FIRE RRU,Fire,https://www.fire.ca.gov/incidents/2021/6/2/coyote-fire/,2021-06-04T17:11:26Z,2021-06-02,N,TRUE,FALSE
1a1a9275-f16f-4a06-abe6-3ba18e5e9b33,Buck Fire,-119.8604784,37.24484944,Madera,2021-06-08T18:33:01Z,2021-06-08,Y,2021-06-06T15:20:52Z,CAL FIRE/ Madera-Mariposa-Merced Unit,,"Rd 600 and Rd 612, East of Raymond",50,100,,,Wildfire,https://www.fire.ca.gov/incidents/2021/6/6/buck-fire/,2021-06-08T18:32:58Z,2021-06-06,N,TRUE,FALSE
1eea5329-95c3-4a41-974f-7b3693441b1e,Farm Fire,-117.4183546,34.3832472,San Bernardino,2021-06-14T17:04:24Z,2021-06-11,Y,2021-06-09T13:15:00Z,Unified Command: CAL FIRE San Bernardino Unit and San Bernardino County Fire Department,,"Ranchero Road and Caliente Road, West of Hesperia",250,100,,"CAL FIRE San Bernardino Unit , San Bernardino County Fire Department",Wildfire,https://www.fire.ca.gov/incidents/2021/6/9/farm-fire/,2021-06-11T17:04:08Z,2021-06-09,N,TRUE,FALSE
b6391e06-889a-4d69-ba3e-8491af004029,Sierra Fire,-117.3483228,33.31571157,San Diego,2021-06-11T10:04:04Z,2021-06-11,Y,2021-06-09T13:53:00Z,Camp Pendleton,,"Basilone Road and Stagecoach Road, West of Camp Pendleton North",1000,100,,Camp Pendleton,Wildfire,https://www.fire.ca.gov/incidents/2021/6/9/sierra-fire/,2021-06-11T10:03:47Z,2021-06-09,N,FALSE,FALSE
09996c3f-3186-4c5d-8006-ced791b3ff40,Creek Fire,-122.238889,38.899722,Yolo,2021-06-10T07:03:48Z,2021-06-10,Y,2021-06-09T20:00:00Z,CAL FIRE Sonoma-Lake-Napa,,"Highway 16 and Road 41, North of Rumsey",34,100,,,Wildfire,https://www.fire.ca.gov/incidents/2021/6/9/creek-fire/,2021-06-10T07:03:23Z,2021-06-09,N,TRUE,FALSE
ddcef5cf-9417-4c41-b64b-910e096522fc,Flats Fire,-116.4518615,33.5812044,Riverside,2021-06-21T12:29:05Z,2021-06-21,Y,2021-06-13T11:12:13Z,San Bernardino National Forest,,"Pinyon Flats Transfer Station and Elks Trail Rd, near Mountain Center",341,100,,United States Forest Service,Wildfire,https://www.fire.ca.gov/incidents/2021/6/13/flats-fire/,2021-06-21T12:28:30Z,2021-06-13,N,FALSE,FALSE
0e78a6e0-9315-4b29-8a1c-894d4b06a64e,Goose Fire,-120.9608439,38.3046414,Amador,2021-06-15T07:27:32Z,,Y,2021-06-13T16:01:34Z,CAL FIRE Amador El Dorado Unit,,"Red Valley Road and Jackson Valley Road, Jackson Valley",67,100,,,Wildfire,https://www.fire.ca.gov/incidents/2021/6/13/goose-fire/,,2021-06-13,N,TRUE,FALSE
92fd111b-2d3a-48c8-bc43-d505eaceb423,Beale Fire,-121.3587065,39.1956433,Yuba,2021-06-14T17:56:57Z,2021-06-14,Y,2021-06-13T19:39:00Z,CAL FIRE Nevada Yuba Placer Unit,,Hammonton Smartsville Rd and Henwood Ranch Rd east of Yuba City,150,100,,,Wildfire,https://www.fire.ca.gov/incidents/2021/6/13/beale-fire/,2021-06-14T17:54:43Z,2021-06-13,N,TRUE,FALSE
8d9ee304-6918-4f74-b7f1-ec8441020bf9,Silicon Fire,-121.76309,37.24042,Santa Clara,2021-06-14T18:36:58Z,2021-06-14,Y,2021-06-14T11:40:00Z,CAL FIRE Santa Clara Unit,,"Silicon Valley Road and Basking Ridge, East San Jose",35,100,,,Wildfire,https://www.fire.ca.gov/incidents/2021/6/14/silicon-fire/,2021-06-14T18:36:39Z,2021-06-14,N,TRUE,FALSE
08a000bd-2c35-4409-abe9-961da323bbe2,Kathryn Fire,-116.94956,33.67127,Riverside,2021-06-17T12:36:48Z,2021-06-15,Y,2021-06-15T13:30:00Z,CAL FIRE / Riverside County Fire Department,,"Sage Road and Cactus Valley Road, South of Hemet",15,100,,CAL FIRE Riverside/ Riverside County Fire Department,Wildfire,https://www.fire.ca.gov/incidents/2021/6/15/kathryn-fire/,2021-06-15T08:00:19Z,2021-06-15,N,TRUE,FALSE
2b42f885-f296-4659-98e0-c33585215fa9,Rock Fire,-122.49164,40.61468,Shasta,2021-06-20T12:47:07Z,2021-06-20,Y,2021-06-15T17:14:55Z,CAL FIRE Shasta Trinity Unit,,"Benson Dr and Rock Creek Rd, East of Whiskeytown",108,100,,,Wildfire,https://www.fire.ca.gov/incidents/2021/6/15/rock-fire/,2021-06-20T12:46:57Z,2021-06-15,N,TRUE,FALSE
e86265b9-2ac9-471e-bff4-deb2f46b7b7d,Dairy Fire,-122.16025,40.10806,Tehama,2021-06-28T09:27:26Z,2021-06-24,Y,2021-06-15T18:59:10Z,U.S. Fish and Wildlife Service,,"East Canal Rd and Tyler Rd, northeast of Proberta",165,100,,Sacramento National Wildlife Refuge,Wildfire,https://www.fire.ca.gov/incidents/2021/6/15/dairy-fire/,2021-06-24T08:00:00Z,2021-06-15,N,FALSE,FALSE
26ec9c89-912e-4c23-a6c9-04b5dcb31970,Equestrian Fire,-121.01273,38.79988,El Dorado,2021-06-16T17:08:03Z,2021-06-16,Y,2021-06-16T14:03:42Z,CAL FIRE Amador-El Dorado Unit,,"Equestrian Way and Square Nail Trail, south of Pilot Hill",10,100,,,Wildfire,https://www.fire.ca.gov/incidents/2021/6/16/equestrian-fire/,2021-06-16T17:07:52Z,2021-06-16,N,TRUE,FALSE
83e251e4-196f-4db5-b5ba-bed8e300380c,Pomo Fire,-122.916,39.16338,Lake,2021-09-14T07:19:04Z,2021-06-17,Y,2021-06-17T16:45:06Z,North Shore Fire Protection District,,"Pomo Road Cross and Hwy 20, Upper Lake",42,100,,,Wildfire,https://www.fire.ca.gov/incidents/2021/6/17/pomo-fire/,2021-06-17T10:40:44Z,2021-06-17,N,FALSE,FALSE
6672b6ad-981e-43e8-b4ad-a75285ab9f90,Park Fire,-121.76629,39.77144,Butte,2021-06-19T19:24:26Z,2021-06-19,Y,2021-06-17T21:37:07Z,Unified Command: CAL FIRE/Butte Unit and City of Chico,,"Upper Park Road and Bidwell Park, northeast of Chico",402,100,,,Wildfire,https://www.fire.ca.gov/incidents/2021/6/17/park-fire/,2021-06-19T19:24:22Z,2021-06-17,N,TRUE,FALSE
587e51fd-ad97-4894-b53e-300a78e4dc80,Antelope Fire,-119.10788,36.47887,Tulare,2021-06-20T07:18:38Z,2021-06-20,Y,2021-06-18T06:33:00Z,CAL FIRE Tulare Unit,,"Avenue 380 and Road 208, Northeast of Woodlake",11,100,,,Wildfire,https://www.fire.ca.gov/incidents/2021/6/18/antelope-fire/,2021-06-20T07:18:21Z,2021-06-18,N,TRUE,FALSE
ecdd77c3-2919-44d8-9ee9-c176271b04d0,Nettle Fire,-118.76857,36.03887,Tulare,2021-07-12T09:11:05Z,2021-07-01,Y,2021-06-18T10:11:21Z,Tule River Indian Reservation,,"Indian Service Rd BIA 70 and Bond Creek , east of Porterville",1265,100,,Tule River Indian Reservation,Wildfire,https://www.fire.ca.gov/incidents/2021/6/18/nettle-fire/,2021-07-01T08:58:19Z,2021-06-18,N,FALSE,FALSE
961a9b24-0bad-4c53-9809-14fe98d515c4,Willow Fire,-121.558858,36.151231,Monterey,2021-07-12T08:24:18Z,2021-07-11,Y,2021-06-18T11:49:41Z,Los Padres National Forest,,"Willow Creek and Marble Peak Trail, Southeast of Big Sur",2877,100,,Los Padres National Forest,Wildfire,https://www.fire.ca.gov/incidents/2021/6/18/willow-fire/,2021-07-11T08:24:03Z,2021-06-18,N,FALSE,FALSE
f5d44748-ed74-4660-ab1a-b94f483ab5df,Crane Fire,-118.86258,34.83498,Kern,2021-06-21T17:23:35Z,2021-06-20,Y,2021-06-18T18:35:00Z,Kern County Fire Department,,"Lebec Service Road and Crane Canyon Road, Northeast of Lebec",48,100,,,,https://www.fire.ca.gov/incidents/2021/6/18/crane-fire/,2021-06-20T18:07:44Z,2021-06-18,N,TRUE,FALSE
8992a229-a245-431d-9a61-11f8d545d93b,Overland Fire,-116.233056,32.903917,San Diego,2021-06-24T18:51:04Z,2021-06-24,Y,2021-06-19T08:00:00Z,CAL FIRE San Diego Unit,,"Canebrake Canyon Road and Great Southern Overland Stage Route , East of Mount Laguna",515,100,,,,https://www.fire.ca.gov/incidents/2021/6/19/overland-fire/,2021-06-24T18:50:12Z,2021-06-19,N,TRUE,FALSE
cfcf1a2b-e358-4dc0-ab39-93ebe94fc843,Bautista Fire,-116.707967,33.551747,Riverside,2021-06-21T20:03:09Z,2021-06-21,Y,2021-06-19T13:36:00Z,CAL FIRE Riverside Unit,,"Hwy 371 and Bautista Road, West of Anza",95,100,,,Fire,https://www.fire.ca.gov/incidents/2021/6/19/bautista-fire/,2021-06-21T20:02:53Z,2021-06-19,N,TRUE,FALSE
68b1630c-10e7-4d99-9c61-baa592f1dd83,Inyo Creek Fire,-118.1420738,36.6000177,Inyo,2021-07-12T07:59:32Z,2021-07-09,Y,2021-06-19T06:19:04Z,,,"Whitney Portal Road, West of Lone Pine in Inyo County",592,100,,Inyo National Forest,,https://www.fire.ca.gov/incidents/2021/6/19/inyo-creek-fire/,2021-07-09T08:00:00Z,2021-06-19,N,FALSE,FALSE
37385589-19f2-43fd-96fb-6a5cd28c607c,Cow Fire,-122.12107,40.53297,Shasta,2021-06-26T18:29:11Z,2021-06-26,Y,2021-06-20T16:38:04Z,CAL FIRE Shasta-Trinity Unit,,"Highway 44 and South Cow Creek Rd, southeast of Millville in Shasta County",761,100,,,Fire,https://www.fire.ca.gov/incidents/2021/6/20/cow-fire/,2021-06-26T18:25:36Z,2021-06-20,N,TRUE,FALSE
c9ccf962-449a-4fe8-a1ec-42672f023868,76 Fire,-116.1147496,33.499081,Riverside,2021-06-22T09:08:43Z,2021-06-21,Y,2021-06-20T17:32:36Z,CAL FIRE Riverside County Fire,,"89000 Block of Avenue 76, Thermal Riverside County",20,100,,,Fire,https://www.fire.ca.gov/incidents/2021/6/20/76-fire/,2021-06-21T09:09:11Z,2021-06-20,N,TRUE,FALSE
32ea3306-088d-4779-9009-2763c7f8a38c,Clevenger Fire,-116.9543,33.09183,San Diego,2021-06-21T20:06:17Z,2021-06-21,Y,2021-06-20T18:28:38Z,,,"San Pasqual Valley Road and Bandy Canyon Road, San Pasqual in San Diego County.",53,100,,,Fire,https://www.fire.ca.gov/incidents/2021/6/20/clevenger-fire/,2021-06-21T20:05:56Z,2021-06-20,N,TRUE,FALSE
1702e4de-4414-4604-a70d-e0f54df154bd,Watt Fire,-121.39247,38.728881,Placer,2021-06-21T19:04:51Z,2021-06-21,Y,2021-06-21T16:41:35Z,Placer County Fire Department,,"Watt Ave at PFE Rd, north of Sacramento",42,100,,,Wildfire,https://www.fire.ca.gov/incidents/2021/6/21/watt-fire/,2021-06-21T19:04:05Z,2021-06-21,N,FALSE,FALSE
4c9c4b27-d45d-453d-82f9-39da5ccfe176,Antelope Fire,-120.729446,41.583949,Modoc,2021-07-12T08:33:53Z,2021-06-29,Y,2021-06-22T11:19:00Z,Modoc National Forest,,"Antelope Reservoir, 10 miles northeast of Canby",580,100,,CAL FIRE Lassen-Modoc Unit,Fire,https://www.fire.ca.gov/incidents/2021/6/22/antelope-fire/,2021-06-29T08:33:42Z,2021-06-22,N,FALSE,FALSE
348304a5-5d65-46bb-a9f6-4e8ce6ca985b,Panoche Fire,-120.987172,36.63228,San Benito,2021-06-24T18:43:22Z,2021-06-24,Y,2021-06-23T13:38:00Z,CAL FIRE San Benito - Monterey Unit,,"Panoche Road and Moody Canyon, East of Panoche Valley",145,100,,,,https://www.fire.ca.gov/incidents/2021/6/23/panoche-fire/,2021-06-24T18:42:38Z,2021-06-23,N,TRUE,FALSE
691ca75a-6419-40ab-87d7-bbe92796307c,Pine Fire,-122.481055,40.475558,Shasta,2021-06-24T18:31:26Z,,Y,2021-06-23T13:42:00Z,CAL FIRE Shasta-Trinity Unit,,"Pine Meadow Place and Cloverdale Road, West of Anderson",50,100,,,,https://www.fire.ca.gov/incidents/2021/6/23/pine-fire/,,2021-06-23,N,TRUE,FALSE
9bacadf6-c7e2-43c9-b8e6-41be7a79579b,Mesa Fire,-117.095858,33.337282,San Diego,2021-06-27T16:51:52Z,2021-06-27,Y,2021-06-23T16:01:58Z,CAL FIRE San Diego Unit,,"Hwy 76 and Cousier Canyon, Community of Pala",350,100,,,Wildfire,https://www.fire.ca.gov/incidents/2021/6/23/mesa-fire/,2021-06-27T16:51:24Z,2021-06-23,N,TRUE,FALSE
e9761340-1808-42f6-b773-fb7047a2a638,4-3 Fire,-120.497502,41.562302,Modoc,2021-06-28T12:50:16Z,2021-06-28,Y,2021-06-24T18:38:46Z,CAL FIRE Lassen-Modoc Unit,,"Hwy 395 and Pencil Road, north of Alturas",134,100,,,Wildfire,https://www.fire.ca.gov/incidents/2021/6/24/4-3-fire/,2021-06-28T12:49:19Z,2021-06-24,N,TRUE,FALSE
909624c0-d36c-4b9a-8f34-a9e02961b883,Paseo Fire,-121.584194,37.118582,Santa Clara,2021-06-25T23:13:16Z,2021-06-25,Y,2021-06-25T14:23:00Z,CAL FIRE Santa Clara,,"Paseo Robles Ave and Paseo Vista Ave, East of Morgan Hill",37,100,,,Wildfire,https://www.fire.ca.gov/incidents/2021/6/25/paseo-fire/,2021-06-25T23:13:01Z,2021-06-25,N,TRUE,FALSE
b3136d0f-6ef3-46ea-9342-6d6b0d82d274,Steins Fire,-120.876096,38.659971,El Dorado,2021-06-27T16:52:41Z,2021-06-27,Y,2021-06-26T13:05:41Z,CAL FIRE/ Amador-El Dorado Unit,,Kingvale Rd and Wildcrest Rd,11,100,,,Wildfire,https://www.fire.ca.gov/incidents/2021/6/26/steins-fire/,2021-06-27T15:35:26Z,2021-06-26,N,TRUE,FALSE
9d7c19c4-f146-4b3e-a4c3-5ea9c3247208,Lava Fire,-122.329,41.459,Siskiyou,2021-09-03T07:04:31Z,2021-09-03,Y,2021-06-24T20:35:24Z,Shasta-Trinity National Forest,,Hotlum Rd and Lumm Rd,26409,100,,Shasta-Trinity National Forest,Wildfire,https://www.fire.ca.gov/incidents/2021/6/24/lava-fire/,2021-09-03T06:51:30Z,2021-06-24,N,FALSE,FALSE
eddffab0-51af-490d-b60e-640300fe6085,Canyon Fire,-118.793912,35.442533,Kern,2021-06-28T07:08:25Z,2021-06-28,Y,2021-06-26T20:47:10Z,Lean Agency: Kern County Fire,,Hwy 178 and Rancheria Rd,220,100,,,Wildfire,https://www.fire.ca.gov/incidents/2021/6/26/canyon-fire/,2021-06-28T07:08:15Z,2021-06-26,N,TRUE,FALSE
62f7b39d-1213-47c2-8118-88eb98908af7,Shell Fire,-118.891,34.919,Kern,2021-07-07T15:45:31Z,2021-06-30,Y,2021-06-27T13:07:06Z,Lead Agency: Kern County Fire,,Interstate 5 and Grapevine Rd,1984,100,,,Wildfire,https://www.fire.ca.gov/incidents/2021/6/27/shell-fire/,2021-06-30T18:00:00Z,2021-06-27,N,FALSE,FALSE
9128e6fe-a114-479a-a43c-64ea56411eb5,Sky Fire,-121.406,40.039,Butte,2021-07-12T08:02:18Z,2021-07-09,Y,2021-06-27T17:49:34Z,Lassen National Forest,,Philbrook Rd.,76,100,,Lassen National Forest,Wildfire,https://www.fire.ca.gov/incidents/2021/6/27/sky-fire/,2021-07-09T08:02:17Z,2021-06-27,N,FALSE,FALSE
4376d68e-4093-4d4c-aa6f-e0df6d50e9fb,Vulcan Fire,-119.735,36.932,Fresno,2021-06-29T15:35:31Z,2021-06-29,Y,2021-06-27T17:05:33Z,"CAL FIRE/ Fresno-Kings Unit, Fresno City",,Friant Rd and Willow Rd,140,100,,,Wildfire,https://www.fire.ca.gov/incidents/2021/6/27/vulcan-fire/,2021-06-29T15:35:19Z,2021-06-27,N,TRUE,FALSE
d6b89198-5fd8-498f-8429-3d2994f496f9,Peak Fire,-117.280416,34.20849,San Bernardino,2021-07-12T09:14:34Z,2021-07-01,Y,2021-06-28T10:52:00Z,San Bernardino National Forest,,"Old Waterman Canyon Road and Highway 18, North of Waterman Canyon",35,100,,San Bernardino National Forest,Wildfire,https://www.fire.ca.gov/incidents/2021/6/28/peak-fire/,2021-07-01T09:14:18Z,2021-06-28,N,FALSE,FALSE
2aaf4aba-1155-4f25-a5a6-fd6ee8d66f8c,Stowe Fire,-117.050236,33.740058,Riverside,2021-06-29T07:35:01Z,2021-06-29,Y,2021-06-28T16:48:08Z,CAL FIRE/ Riverside County Fire Department,,California Avenue and Lyn Avenue,122,100,,CAL FIRE/ Riverside County Fire Department,Wildfire,https://www.fire.ca.gov/incidents/2021/6/28/stowe-fire/,2021-06-29T07:34:49Z,2021-06-28,N,TRUE,FALSE
0794cd0a-12e3-4576-8692-45603ad6b246,Lilly Fire,-122.054254,41.665191,Madera,2021-06-29T17:51:10Z,2021-06-29,Y,2021-06-28T16:07:00Z,CAL FIRE Madera - Mariposa - Merced Unit,,"Road 400 and Lilley Mountain Drive, Southwest of the Community of Coarsegold",35,100,,,,https://www.fire.ca.gov/incidents/2021/6/28/lilly-fire/,2021-06-29T17:51:06Z,2021-06-28,N,TRUE,FALSE
3a83c4bc-28cc-4792-849b-fedb5629e4bc,Tennant Fire,-122.054254,41.665191,Siskiyou,2021-07-15T16:13:43Z,2021-07-15,Y,2021-06-28T16:07:00Z,Klamath National Forest,,"Tennant Road and Pengrass Road, South of Mount Hebron",10580,100,,Klamath National Forest,Wildfire,https://www.fire.ca.gov/incidents/2021/6/28/tennant-fire/,2021-07-15T16:13:33Z,2021-06-28,N,FALSE,FALSE
9692e02d-4a87-48b7-b261-f83f4a951642,Beswick Fire,-122.374848,41.917209,Siskiyou,2021-07-03T17:13:04Z,2021-07-03,Y,2021-06-28T18:14:00Z,CAL FIRE Siskiyou Unit,,"Ager-Beswick Road and Desavado Road, North of Montague",118,100,,,Wildfire,https://www.fire.ca.gov/incidents/2021/6/28/beswick-fire/,2021-07-03T17:12:39Z,2021-06-28,N,TRUE,FALSE
ac0c072d-d926-49f2-8a3d-c18ea5d32010,Blue Fire,-119.2548441,37.02865767,Fresno,2021-07-12T08:05:31Z,2021-07-08,Y,2021-06-30T16:22:00Z,Sierra National Forest,,"Big Creek Road and Soaproot Saddle Road, South of Shaver",277,100,,Sierra National Forest,Wildfire,https://www.fire.ca.gov/incidents/2021/6/30/blue-fire/,2021-07-08T08:05:21Z,2021-06-30,N,FALSE,FALSE
b07cd929-6dde-4ad9-b845-a2fdc5ba3f97,Salt Fire,-122.348956,40.860525,Shasta,2021-07-20T08:46:22Z,2021-07-19,Y,2021-06-30T14:55:56Z,Shasta-Trinity National Forest,,"Gilman Rd and Coal Creek Rd, north of Shasta Lake City",12660,100,,Shasta-Trinity National Forest,Wildfire,https://www.fire.ca.gov/incidents/2021/6/30/salt-fire/,2021-07-19T08:46:09Z,2021-06-30,N,FALSE,FALSE
dd8d424d-e416-48a4-87e0-ddc26d4fdcb3,Ysabel Fire,-116.677511,33.119448,San Diego,2021-07-06T19:41:26Z,,Y,2021-07-03T11:34:00Z,CAL FIRE/San Diego County Fire,,"Highway 79 and Mesa Grande Rd, near Santa Ysabel",173,100,,"CAL FIRE San Diego, Cleveland National Forest",Fire,https://www.fire.ca.gov/incidents/2021/7/3/ysabel-fire/,,2021-07-03,N,TRUE,FALSE
421fd9f2-1fbb-4bec-bf19-3318fa4830dc,Main Fire,-119.017899,36.10007,Tulare,2021-07-04T17:40:09Z,2021-07-04,Y,2021-07-03T08:00:32Z,CAL FIRE Tulare Unit,,"Drive 242 and Reid Ave, East of Porterville",384,100,,,Wildfire,https://www.fire.ca.gov/incidents/2021/7/3/main-fire/,2021-07-04T17:39:44Z,2021-07-03,N,TRUE,FALSE
882f419d-ff9e-4533-b8da-a428ffcfec6e,Beckwourth Complex,-120.3415,39.83203,Plumas,2021-09-26T08:38:14Z,2021-09-22,Y,2021-07-04T09:26:06Z,Plumas National Forest,,northeast of Beckwourth,105670,100,"Dotta and Sugar Incidents have been combined into the Beckwourth Complex
 • Dotta 670 acres, 15% contained
 • Sugar 471 acres, 24% contained",Plumas National Forest,Wildfire,https://www.fire.ca.gov/incidents/2021/7/4/beckwourth-complex/,2021-09-22T08:37:37Z,2021-07-04,N,FALSE,FALSE
a7d2c14e-66e8-4ac6-9538-ad9612dce2d5,Tumbleweed Fire,-118.87933,34.808751,Los Angeles,2021-07-12T13:23:09Z,2021-07-12,Y,2021-07-04T14:49:36Z,Los Angeles County Fire Department,,"Southbound I-5, south of Gorman",868,100,,Los Angeles County Fire Department,Wildfire,https://www.fire.ca.gov/incidents/2021/7/4/tumbleweed-fire/,2021-07-12T13:22:50Z,2021-07-04,N,FALSE,FALSE
be285500-c0c4-4f7e-83ae-1f9a991578b1,Fish Fire,-119.393795,36.802809,Fresno,2021-07-05T17:15:57Z,2021-07-05,Y,2021-07-04T17:46:54Z,CAL FIRE Fresno-Kings Unit,,"Trimmer Springs Rd and Fish Creek Fire Control Rd, Piedra",75,100,,,Wildfire,https://www.fire.ca.gov/incidents/2021/7/4/fish-fire/,2021-07-05T17:15:45Z,2021-07-04,N,TRUE,FALSE
5eaaed19-b38a-49f1-84f8-78d9f8c76656,Juniper Fire,-120.638464,41.80728,Modoc,2021-07-15T16:10:13Z,2021-07-15,Y,2021-07-05T16:34:58Z,Modoc National Forest,,"South Mountain Reservoir and South Mountain Spur, west of Goose Lake",1011,100,,,Wildfire,https://www.fire.ca.gov/incidents/2021/7/5/juniper-fire/,2021-07-15T16:09:58Z,2021-07-05,N,FALSE,FALSE
8c512c44-7ddb-44b4-bf03-bab00c0c0c98,Broiler Fire,-123.224377,39.253647,Mendocino,2021-07-09T08:21:01Z,2021-07-09,Y,2021-07-07T14:30:00Z,Redwood Valley FPD,,"Uva Drive and Finne Road, Southwest of Redwood Valley",80,100,,,Wildfire,https://www.fire.ca.gov/incidents/2021/7/7/broiler-fire/,2021-07-09T08:20:37Z,2021-07-07,N,TRUE,FALSE
82af1b59-858c-43c4-9f4f-842605e6c0c1,Basalt Fire,-121.05758,37.06047,Merced,2021-07-09T19:29:10Z,2021-07-09,Y,2021-07-09T13:26:01Z,CAL FIRE Madera-Mariposa-Merced Unit,,"Basalt Road, near Basalt Campground",92,100,,,Fire,https://www.fire.ca.gov/incidents/2021/7/9/basalt-fire/,2021-07-09T19:27:16Z,2021-07-09,N,TRUE,FALSE
3a4d4c77-ff87-458d-b906-e203fc098aa5,Coyote Fire,-121.77593,41.28523,Modoc,2021-07-22T11:40:19Z,2021-07-15,Y,2021-07-09T16:41:27Z,Modoc National Forest,,"Highway 139 and Dead Horse Canyon, southeast of Tulelake",110,100,,Modoc National Forest,Wildfire,https://www.fire.ca.gov/incidents/2021/7/9/coyote-fire/,2021-07-15T11:39:40Z,2021-07-09,N,FALSE,FALSE
f4c4de41-d8d4-4c66-9d9f-4f1ba285bf59,Road Fire,-116.6253,32.82731,San Diego,2021-07-22T13:12:43Z,2021-07-17,Y,2021-07-10T13:38:19Z,Cleveland National Forest,,Japatul Valley Road and I-8 in San Diego County,86,100,,Cleveland National Forest,Wildfire,https://www.fire.ca.gov/incidents/2021/7/10/road-fire/,2021-07-17T13:12:30Z,2021-07-10,N,FALSE,FALSE
215529d8-6c0a-4dfa-8d6f-342a5666e1f2,Diablo Fire,-121.667665,37.865193,Contra Costa,2021-07-11T16:22:34Z,2021-07-11,Y,2021-07-11T09:22:05Z,CAL FIRE Contra Costa-Alameda-Santa Clara unit,,"Vasco Road and Camino Diablo, south of Byron in Contra Costa County.",128,100,,,Wildfire,https://www.fire.ca.gov/incidents/2021/7/11/diablo-fire/,2021-07-11T16:22:18Z,2021-07-11,N,TRUE,FALSE
4fde57bd-089f-4c24-b224-b60306e1648d,Bear Fire,-118.81448,34.85178,Kern,2021-08-18T14:05:04Z,2021-07-12,Y,2021-07-11T13:29:14Z,Kern County Fire,,Interstate 5 and Bear Trap Road in Kern County.,71,100,,Kern County Fire,Wildfire,https://www.fire.ca.gov/incidents/2021/7/11/bear-fire/,2021-07-12T14:04:51Z,2021-07-11,N,FALSE,FALSE
2acb95c8-7a0b-4bfc-9174-6da944037bf2,River Fire,-119.869785,37.350823,Mariposa,2021-07-19T18:40:14Z,2021-07-19,Y,2021-07-11T14:10:26Z,CAL FIRE Madera-Mariposa-Merced,,Oak Grove Road and Oak Grove School Road,9656,100,,"Animal Evacuations information: Madera County, Animal Evacuations information: Mariposa County, Red Cross:, Information Line, Media Line, Cooperating Agencies: CHP, Madera Sheriff, Mariposa Sheriff, Madera Co Roads, Mariposa Co Roads, PG&E, Madera County Fire, Mariposa County Fire, Merced County Fire, CAL OES, USFS, American Red Cross, Central California Animal Disaster Team",Wildfire,https://www.fire.ca.gov/incidents/2021/7/11/river-fire/,2021-07-19T18:39:33Z,2021-07-11,N,TRUE,FALSE
a191b2bc-5dee-4511-b34b-ca06ef62b5ab,Bradley Fire,-121.82403,41.25272,Siskiyou,2021-07-15T15:59:44Z,2021-07-15,Y,2021-07-11T15:08:43Z,Shasta Trinity National Forest,,"Highway 89 and Harris Spring Road, east of McCloud in Siskiyou County.",357,100,,Shasta Trinity National Forest,Wildfire,https://www.fire.ca.gov/incidents/2021/7/11/bradley-fire/,2021-07-15T15:59:36Z,2021-07-11,N,FALSE,FALSE
4b66f232-6ab8-4e00-9f8b-957296920ed9,Dexter Fire,-118.8745,37.8024,Mono,2021-07-30T09:44:02Z,2021-07-30,Y,2021-07-12T14:04:02Z,Inyo National Forest,,"Wickie Up Rd and Pilot Springs Rd, northeast of Mammoth Lakes",2965,100,,Inyo National Forest,Wildfire,https://www.fire.ca.gov/incidents/2021/7/12/dexter-fire/,2021-07-30T09:43:42Z,2021-07-12,N,FALSE,FALSE
925dcb5b-1885-407d-b441-10765a31ce97,Cannon Fire,-122.64768,40.1703,Tehama,2021-07-16T18:56:00Z,2021-07-16,Y,2021-07-14T15:18:48Z,CAL FIRE Tehama-Glen Unit,,"Vestal Road and Pope Drive, west of Red Bluff",43,100,,,Wildfire,https://www.fire.ca.gov/incidents/2021/7/14/cannon-fire/,2021-07-16T18:55:38Z,2021-07-14,N,TRUE,FALSE
f62a9df9-8661-46de-88de-0b76128e0673,Dolicini Fire,-122.7418335,38.0975072,Marin,2021-07-15T07:13:11Z,2021-07-15,Y,2021-07-14T15:34:10Z,Marin County Fire Department,,"Point Reyes-Petaluma Rd and Nicasio Valley Rd, northeast of Nicasio Reservoir",35,100,,Marin County Fire Department,Wildfire,https://www.fire.ca.gov/incidents/2021/7/14/dolicini-fire/,2021-07-15T07:13:02Z,2021-07-14,N,TRUE,FALSE
511f1793-96a5-4866-a993-1d271e03b076,Henry Fire,-119.7512546,38.4504695,Alpine,2021-07-30T09:47:58Z,2021-07-30,Y,2021-06-25T19:53:41Z,Stanislaus National Forest,,"East of Lake Alpine, Carson-Iceberg Wilderness",1320,100,,Henry Fire Information,Wildfire,https://www.fire.ca.gov/incidents/2021/6/25/henry-fire/,2021-07-30T09:47:10Z,2021-06-25,N,FALSE,FALSE
354a2576-907f-43a2-b152-46355e2bf94a,Border 13 Fire,-116.634023,32.578481,San Diego,2021-07-16T10:03:37Z,,Y,2021-07-15T16:02:27Z,CAL FIRE/San Diego County Fire,,"188 and Tecate Mission Rd, Potrero Canyon",30,100,,,Wildfire,https://www.fire.ca.gov/incidents/2021/7/15/border-13-fire/,,2021-07-15,N,TRUE,FALSE
3a281cd5-4d2b-47a7-89b7-1194e921805a,Tamarack Fire,-119.8591887,38.6280042,Alpine,2021-10-25T22:16:56Z,2021-10-25,Y,2021-07-04T11:57:58Z,Humboldt-Toiyabe National Forest,,"Pleasant Valley, Southwest of Markleeville",68637,100,,Humboldt-Toiyabe National Forest,Wildfire,https://www.fire.ca.gov/incidents/2021/7/4/tamarack-fire/,2021-10-25T22:16:49Z,2021-07-04,N,FALSE,FALSE
396abb9e-a291-4183-b0f6-798a5438868c,Fork Fire,-122.55195,39.999396,Tehama,2021-07-20T15:37:00Z,2021-07-20,Y,2021-07-17T17:40:13Z,CAL FIRE Tehama-Glen Unit,,Lowery Rd and South Fork Dr,43,100,,,Wildfire,https://www.fire.ca.gov/incidents/2021/7/17/fork-fire/,2021-07-20T15:36:44Z,2021-07-17,N,TRUE,FALSE
35d04cb5-0455-4d36-b857-d7952670aef0,Chicken Fire,-120.45187,40.86955,Lassen,2021-07-22T09:10:11Z,2021-07-22,Y,2021-07-18T13:34:00Z,Bureau of Land Management Northern California District,,"Juniper Tree Road and Juniper Ridge Road, East of Termo",55,100,,,Wildfire,https://www.fire.ca.gov/incidents/2021/7/18/chicken-fire/,2021-07-22T09:06:48Z,2021-07-18,N,FALSE,FALSE
3989e25c-3790-44d5-bf6d-50ca3fd04d95,Quail Fire,-117.070814,33.889516,Riverside,2021-07-21T15:55:48Z,,Y,2021-07-20T13:52:41Z,CAL FIRE/Riverside County Fire Department,,"Gilman Springs Rd and Eden Hot Springs Rd, East of Moreno Valley",50,100,,CAL FIRE/Riverside County Fire Department,Wildfire,https://www.fire.ca.gov/incidents/2021/7/20/quail-fire/,,2021-07-20,N,TRUE,FALSE
fc8bd27a-c3c8-405d-b13a-d9a1396206e3,Peak Fire,-118.46461,35.41153,Kern,2021-08-17T11:55:25Z,2021-08-13,Y,2021-07-20T11:40:00Z,Bureau Land Management,,"Walker Basin Road and Piute Mountain Road, South of Lake Isabella",2098,100,,Bureau of Land Management Nothern California District,Wildfire,https://www.fire.ca.gov/incidents/2021/7/20/peak-fire/,2021-08-13T11:55:13Z,2021-07-20,N,FALSE,FALSE
8f768137-0c58-45e5-a8dd-1df9ecc7870f,Frenchtown Fire,-121.24684,39.383922,Yuba,2021-07-22T07:22:14Z,2021-07-22,Y,2021-07-20T16:36:32Z,CAL FIRE Nevada-Yuba-Placer Unit,,"Frenchtown Dobbins Road and Seward Lane, west of Dobbins in Yuba County.",45,100,,"CAL FIRE Nevada-Yuba-Placer Unit,",Wildfire,https://www.fire.ca.gov/incidents/2021/7/20/frenchtown-fire/,2021-07-22T07:22:01Z,2021-07-20,N,TRUE,FALSE
c8991faa-8d15-4d4c-b3a1-92f58f784420,Mountain Fire,-123.505,39.976,Trinity,2021-07-24T16:56:31Z,,Y,2021-07-23T00:00:00Z,,,"Island Mountain Rd x Raff Creek Rd, southeast of Alderpoint",25,100,,,Fire,https://www.fire.ca.gov/incidents/2021/7/23/mountain-fire/,,2021-07-23,N,TRUE,FALSE
caf0f448-cdb3-4dc2-a247-35f6f4b41cb3,Park Fire,-118.722167,36.199833,Tulare,2021-08-17T11:54:17Z,2021-07-31,Y,2021-07-26T00:00:00Z,Sequoia National Forest,,"Balch Park Rd and Bear Creek Dr, northeast of Springville",100,100,,Sequoia National Forest,Wildfire,https://www.fire.ca.gov/incidents/2021/7/26/park-fire/,2021-07-31T08:00:00Z,2021-07-26,N,FALSE,FALSE
200d07c4-0457-4421-875b-4140d482a03e,Pinnacles Fire,-121.224797,36.476664,Monterey,2021-09-12T10:36:17Z,2021-07-31,Y,2021-07-28T00:00:00Z,CAL FIRE San Benito-Monterey Unit,,"Hwy 146 Pinnacles West , East of Soledad",171,100,,,Wildfire,https://www.fire.ca.gov/incidents/2021/7/28/pinnacles-fire/,2021-07-31T19:21:56Z,2021-07-28,N,TRUE,FALSE
ef12ac40-d6fb-4871-97ec-c06d0ce51efd,Evans Fire,-120.8468224,40.183504,Plumas,2021-08-17T11:56:06Z,2021-08-08,Y,2021-07-29T19:14:42Z,Plumas National Forest,,"Evans Peak and Cooks Creek, northeast of Greenville in Plumas County.",85,100,,Plumas National Forest,Wildfire,https://www.fire.ca.gov/incidents/2021/7/29/evans-fire/,2021-08-08T11:55:53Z,2021-07-29,N,FALSE,FALSE
d0174b70-8652-4242-bf7f-b00e98a48319,McFarland Fire,-123.034,40.35,"Shasta, Trinity, Tehama",2021-09-20T08:26:23Z,2021-09-16,Y,2021-07-30T18:44:00Z,Shasta-Trinity National Forest,,"McFarland Ridge and Baker Flat, west of Platina",122653,100,,Shasta-Trinity National Forest,Fire,https://www.fire.ca.gov/incidents/2021/7/30/mcfarland-fire/,2021-09-16T18:00:00Z,2021-07-30,N,FALSE,FALSE
47070a62-2ef3-44a9-8b98-a20e0e574f97,Robie Fire,-120.867498,38.054116,Calaveras,2021-08-17T21:04:40Z,2021-08-01,Y,2021-07-30T00:00:00Z,CAL FIRE Tuolumne-Calaveras,,"Milton Road and Main Street, South of Valley Springs in Calaveras County.",153,100,,CAL FIRE Tuolumne-Calaveras,Wildfire,https://www.fire.ca.gov/incidents/2021/7/30/robie-fire/,2021-08-01T17:39:59Z,2021-07-30,N,FALSE,FALSE
161f6906-6799-45ae-b6ca-c1d470050d81,Hungry Fire,-118.8217926,34.7479248,Los Angeles,2021-08-06T15:46:55Z,2021-08-01,Y,2021-07-31T00:00:00Z,Ventura County Fire,,"Quail Canyon Road and Goldhill Road, South of Frazer Park in Los Angeles County.",340,100,,Ventura County Fire,Wildfire,https://www.fire.ca.gov/incidents/2021/7/31/hungry-fire/,2021-08-01T09:36:42Z,2021-07-31,N,FALSE,FALSE
f9322f4b-03e1-4558-a920-f7318909de93,Tobin Fire,-120.560856,35.65927,San Luis Obispo,2021-07-31T22:39:47Z,,Y,2021-07-31T17:10:53Z,CAL FIRE San Luis Obispo,,"Highway 46 East and Union Road, East of Paso Robles in San Luis Obispo County.",75,100,,CAL FIRE San Luis Obispo,Wildfire,https://www.fire.ca.gov/incidents/2021/7/31/tobin-fire/,,2021-07-31,N,TRUE,FALSE
61f3264e-f89f-42cc-820d-0e0a5ee29cdd,Hiding Fire,-122.482826,40.466364,Shasta,2021-08-05T09:33:01Z,2021-08-01,Y,2021-08-01T00:00:00Z,CAL FIRE Shasta-Trinity Unit,,"Dale Ln and Panther Rd, south of Cloverdale",50,100,,,Wildfire,https://www.fire.ca.gov/incidents/2021/8/1/hiding-fire/,2021-08-01T20:47:13Z,2021-08-01,N,TRUE,FALSE
bd71d34c-3ce0-419d-a2fe-2ef46a750e06,Antonio Fire,-117.65989,34.23604,Los Angeles,2021-08-17T11:50:56Z,2021-08-16,Y,2021-08-03T13:02:00Z,Angeles National Forest,,"Glendora Ridge Rd and Sunset Peak, west of Mt. Baldy",50,100,,Angeles National Forest,Wildfire,https://www.fire.ca.gov/incidents/2021/8/3/antonio-fire/,2021-08-16T08:00:00Z,2021-08-03,N,FALSE,FALSE
1704f47a-b2bc-43fc-8c49-e62ffaf6021e,House Fire,-122.506112,40.604986,Shasta,2021-08-10T20:50:09Z,2021-08-10,Y,2021-08-04T00:00:00Z,CAL FIRE Shasta Trinity Unit,,"Highway 299 and Tollhouse Road, West of Redding",60,100,,,Wildfire,https://www.fire.ca.gov/incidents/2021/8/4/house-fire/,2021-08-10T20:50:02Z,2021-08-04,N,TRUE,FALSE
2ea37798-e198-4f1c-92c6-81c42beff3de,Hambone Fire,-121.53946,41.68499,Siskiyou,2021-08-18T14:50:08Z,,Y,2021-08-06T11:11:37Z,Shasta-Trinity National Forest,,Lave Spur and Hambone Island,55,100,,,Wildfire,https://www.fire.ca.gov/incidents/2021/8/6/hambone-fire/,,2021-08-06,N,FALSE,FALSE
0249ff45-1a71-4a4f-88a7-6c1fc7a9aa20,Nelson Fire,-121.89008,41.034362,Shasta,2021-08-13T08:44:56Z,2021-08-13,Y,2021-08-07T00:00:00Z,CAL FIRE/ Shasta-Trinity Unit,,Nelson Creek Rd and Summit Lake Rd,20,100,,"Shasta County Fire Department, United States Forest Service, Burney Fire Protection District, Shasta County Sheriff’s Office",Wildfire,https://www.fire.ca.gov/incidents/2021/8/7/nelson-fire/,2021-08-13T08:44:38Z,2021-08-07,N,TRUE,FALSE
a26becf4-249f-451e-b8a3-e55032e6df61,Glen Fire,-121.30845,39.403918,Yuba,2021-08-21T07:56:16Z,2021-08-21,Y,2021-08-11T00:00:00Z,CAL FIRE Nevada-Yuba-Placer Unit,,"Willow Glen Rd and Meadow Ln , northwest of Dobbins",184,100,,,Wildfire,https://www.fire.ca.gov/incidents/2021/8/11/glen-fire/,2021-08-21T20:07:35Z,2021-08-11,N,TRUE,FALSE
262f815e-e1b4-42d8-8889-6bb4638703e4,Middle Fire,-122.727542,38.250596,Sonoma,2021-08-13T20:53:36Z,,Y,2021-08-13T00:00:00Z,CAL FIRE Sonoma Lake Napa Unit,,"Middle Two Rock Road and Succetti Road, west of Petaluma in Sonoma County.",22,100,,CAL FIRE Sonoma Lake Napa Unit,Wildfire,https://www.fire.ca.gov/incidents/2021/8/13/middle-fire/,,2021-08-13,N,TRUE,FALSE
e8842a17-4f53-4803-9350-838ec34e66e9,Coyote Fire,-122.581257,38.826123,Lake,2021-08-15T21:47:04Z,2021-08-15,Y,2021-08-13T00:00:00Z,CAL FIRE Sonoma-Lake-Napa Unit,,"State Highway 29 and Spruce Grove Road, Hidden Valley Lake in Lake County",127,100,,,Wildfire,https://www.fire.ca.gov/incidents/2021/8/13/coyote-fire/,2021-08-15T21:46:50Z,2021-08-13,N,TRUE,FALSE
3657f103-fe9f-4bfc-a09e-9aa291301266,Bell Fire,-123.637032,39.834099,Mendocino,2021-08-19T19:48:26Z,2021-08-19,Y,2021-08-14T00:00:00Z,CAL FIRE Mendocino Unit,,"Bell Springs Road and Foster Creek Road, east of Leggett",50,100,,,Wildfire,https://www.fire.ca.gov/incidents/2021/8/14/bell-fire/,2021-08-19T19:48:14Z,2021-08-14,N,TRUE,FALSE
2eae3252-74cd-4e96-b25a-20ed828395e2,Walkers Fire,-118.555,36.268,Tulare,2021-09-20T08:41:18Z,2021-09-17,Y,2021-08-16T16:05:54Z,Sequoia National Forest,,"North of Alpine Creek, northeast of Springville",8777,100,,Sequoia National Forest,Wildfire,https://www.fire.ca.gov/incidents/2021/8/16/walkers-fire/,2021-09-17T17:45:50Z,2021-08-16,N,FALSE,FALSE
8e3e3fe1-669f-4cf8-80ee-c8df14929a22,Cache Fire,-122.601395,38.928133,Lake,2021-09-16T08:29:26Z,2021-08-23,Y,2021-08-18T12:34:00Z,Lake County Fire Protection District,,"Dam Rd and Wilkinson Ave, Clearlake",83,100,,"Lake County Fire Protection District, Lake County Sheriff’s Office",Wildfire,https://www.fire.ca.gov/incidents/2021/8/18/cache-fire/,2021-08-23T07:00:00Z,2021-08-18,N,FALSE,FALSE
87b59fb2-01f9-4469-8578-87c55b090eac,McCash Fire,-123.404,41.564,Siskiyou,2021-11-02T11:43:46Z,2021-11-02,Y,2021-08-18T08:50:00Z,Six Rivers National Forest,,Ten Bear Mtn McCash Creek,94962,100,,Six Rivers National Forest,Fire,https://www.fire.ca.gov/incidents/2021/8/18/mccash-fire/,2021-11-02T11:43:33Z,2021-08-18,N,FALSE,FALSE
11804a96-faa3-4671-b420-6591e4e95f49,French Fire,-118.501515,35.674926,Kern,2021-11-12T12:02:39Z,2021-10-20,Y,2021-08-18T18:20:00Z,Kern County Fire,,"Sawmill Rd and NF-25S02, 5 west of Lake Isabella",,,,"Kern County Fire , Sequoia National Forest, Central California District Bureau of Land Management,",Wildfire,https://www.fire.ca.gov/incidents/2021/8/18/french-fire/,2021-10-20T12:02:29Z,2021-08-18,N,FALSE,FALSE
46498648-eff1-492f-b88f-1826ecd224a6,Rock Fire,-116.659688,33.474823,Riverside,2021-08-27T19:35:23Z,2021-08-27,Y,2021-08-24T13:38:00Z,CAL FIRE/Riverside County Fire Department,,"Gulley View Rd and Rock Canyon Rd, Anza",295,100,,CAL FIRE/Riverside County Fire Department,Wildfire,https://www.fire.ca.gov/incidents/2021/8/24/rock-fire/,2021-08-27T19:35:10Z,2021-08-24,N,TRUE,FALSE
f19d2b70-1d83-4abc-a173-7b00584e1c49,Mule Fire,-122.514391,40.616416,Shasta,2021-08-25T20:05:04Z,2021-08-25,Y,2021-08-25T00:00:00Z,CAL FIRE Shasta-Trinity Unit,,"Placer Rd & Muletown Rd, southwest of Redding",10,100,,,Wildfire,https://www.fire.ca.gov/incidents/2021/8/25/mule-fire/,2021-08-25T20:04:50Z,2021-08-25,N,TRUE,FALSE
7b6a10b8-58fb-4906-ad11-dc88fe5b7872,Airola Fire,-120.454797,38.038795,Calaveras,2021-09-04T07:12:08Z,2021-09-04,Y,2021-08-25T14:55:00Z,CAL FIRE Tuolumne-Calaveras Unit,,"Parrotts Ferry Rd and Airola Rd, west of Columbia",639,100,,"Cooperating Agencies: California Highway Patrol, Calaveras County Sheriff’s, Calaveras County OES, California Department of Corrections and Rehabilitation, California Conservation Corps",Wildfire,https://www.fire.ca.gov/incidents/2021/8/25/airola-fire/,2021-09-04T07:11:43Z,2021-08-25,N,TRUE,FALSE
8cfa988a-cf5d-418c-8d4d-e0be072e397c,Westward Fire,-116.877776,33.918089,Riverside,2021-08-28T09:51:08Z,2021-08-28,Y,2021-08-25T14:17:00Z,CAL FIRE Riverside Unit,,"South San Gorgonio Ave and 4th street, Banning",160,100,,Riverside County Westward Fire Fact Sheet,Wildfire,https://www.fire.ca.gov/incidents/2021/8/25/westward-fire/,2021-08-28T09:24:00Z,2021-08-25,N,TRUE,FALSE
69c42b3f-a4ec-47d2-a856-e4f8bc71c6cc,Bennett Fire,-121.040771,39.216752,Nevada,2021-08-28T20:00:54Z,,Y,2021-08-25T15:33:00Z,"Unified Command: CAL FIRE Nevada-Yuba-Placer Unit, Nevada County Consolidated Fire District and Grass Valley Fire Department",,"East Bennett Rd and Lava Rock Ave, Grass Valley",59,100,,,Wildfire,https://www.fire.ca.gov/incidents/2021/8/25/bennett-fire/,,2021-08-25,N,TRUE,FALSE
726eeb97-b91c-4555-a180-be16e599466f,Washington Fire,-120.402221,37.962933,Tuolumne,2021-09-03T08:03:02Z,2021-09-01,Y,2021-08-26T13:20:00Z,Unified Command: CAL FIRE Tuolumne-Calaveras Unit & City of Sonora,,"Golf Links Road and Highway 108, West of Sonora",100,100,,"California Highway Patrol, Calaveras County Sheriff’s, Calaveras County OES, California Department of Corrections and Rehabilitation, California Conservation Corps, City of Sonora, Stanislaus County, Copperopolis Fire",Wildfire,https://www.fire.ca.gov/incidents/2021/8/26/washington-fire/,2021-09-01T19:34:51Z,2021-08-26,N,TRUE,FALSE
9f0d7a3b-ae47-42a5-b360-ea2f4141cad4,Roadside Fire,-117.4546,34.25145,San Bernardino,2021-09-02T20:02:23Z,2021-09-02,Y,2021-08-28T11:25:00Z,San Bernardino National Forest & San Bernardino County Fire,,Cajon Pass near Keenbrook Road and Cajon Blvd.,50,100,,"San Bernardino National Forest, San Bernardino County Fire",Wildfire,https://www.fire.ca.gov/incidents/2021/8/28/roadside-fire/,2021-09-02T20:01:42Z,2021-08-28,N,FALSE,FALSE
64a7c61a-5634-410a-a1c4-aeb97b2283e0,Chaparral Fire,-117.39309,33.484721,"Riverside, San Diego",2021-09-14T07:16:02Z,2021-09-01,Y,2021-08-28T12:40:00Z,Cleveland National Forest,,Cleveland Forest Road and Tenaja Road southwest of Murrieta in San Diego County.,1427,100,,,Wildfire,https://www.fire.ca.gov/incidents/2021/8/28/chaparral-fire/,2021-09-01T07:02:27Z,2021-08-28,N,FALSE,FALSE
cd7d799d-cc81-4ffb-9d55-4e2b18b92d34,Railroad Fire,-117.466,34.34,San Bernardino,2021-09-08T08:06:31Z,2021-09-02,Y,2021-08-29T12:50:00Z,San Bernardino National Forest,,Cajon Pass near NB I-15 and Baldy Mesa,61,100,,,Fire,https://www.fire.ca.gov/incidents/2021/8/29/railroad-fire/,2021-09-02T08:06:01Z,2021-08-29,N,FALSE,FALSE
d7b908db-7184-4f9e-923f-f811688cf4eb,Knob Fire,-123.6744,40.8652,Humboldt,2021-09-14T07:04:35Z,2021-09-13,Y,2021-08-29T08:00:00Z,Six Rivers National Forest,,"Friday Spur Rd & China Creek, south of Willow Creek",2421,100,,Six Rivers National Forest,Wildfire,https://www.fire.ca.gov/incidents/2021/8/29/knob-fire/,2021-09-13T07:00:00Z,2021-08-29,N,FALSE,FALSE
af05ba27-9105-4776-83a8-8ea786117476,K-Rail,-123.52733,41.03877,Humboldt,2021-09-08T16:25:10Z,2021-09-08,Y,2021-08-30T13:30:00Z,Six Rivers National Forest & Hoopa BIA,,"Tish Tang Ridge, southeast of Hoopa",16,100,,,Wildfire,https://www.fire.ca.gov/incidents/2021/8/30/k-rail/,2021-09-08T16:25:07Z,2021-08-30,N,FALSE,FALSE
254e4d5c-a750-41e0-bea3-9eb4597b0a13,Lassen Fire,-122.6131992,38.0591827,Marin,2021-09-03T18:50:47Z,,Y,2021-09-01T14:27:00Z,Lead Agency: Marin County Fire,,Mt. Lassen Drive and Idylberry Road near Lucas Valley in Marin County.,44,100,,Marin County Fire,Wildfire,https://www.fire.ca.gov/incidents/2021/9/1/lassen-fire/,,2021-09-01,N,TRUE,FALSE
5ddee2f6-f32b-4664-a416-5cf4996290a5,Lawrence Fire,-120.731748,38.529123,Amador,2021-09-07T08:39:10Z,2021-09-07,Y,2021-09-05T10:40:20Z,CAL FIRE Amador-El Dorado Unit,,"Lawrence Road between Tyler Road and Cedar Creek Road, North of Fiddletown",46,100,,"Cooperating Agencies: California Conservation Corps, Amador Fire Protection District, City of Ione Fire Department, Pioneer Fire Protection District, Diamond Springs-El Dorado Fire Protection District., Cameron Park Fire Department, El Dorado Hills Fire Department, El Dorado County Sheriff’s Office, Amador County Sheriff’s Office, Pacific Gas & Electric and California Highway Patrol",Wildfire,https://www.fire.ca.gov/incidents/2021/9/5/lawrence-fire/,2021-09-07T08:39:06Z,2021-09-05,N,TRUE,FALSE
ff71cd3b-2261-4248-92fa-f24733cfdcfe,Bridge Fire,-121.036613,38.921239,Placer,2021-09-14T18:21:02Z,2021-09-14,Y,2021-09-05T12:53:14Z,"Unified Command: CALFIRE Nevada-Placer Unit, Placer County Sheriff, California State Parks",,Under the Foresthill bridge in Auburn,411,100,,,Wildfire,https://www.fire.ca.gov/incidents/2021/9/5/bridge-fire/,2021-09-14T18:20:39Z,2021-09-05,N,TRUE,FALSE
257ee7b8-fe14-45ac-ba58-4fae7003f6de,Aruba Fire,-117.111157,33.380079,San Diego,2021-10-20T08:52:18Z,2021-09-09,Y,2021-09-05T15:50:14Z,Unified Command: Cal Fire San Diego County and North County Fire Authority,,Southeast of the community of Rainbow,54,100,,,Wildfire,https://www.fire.ca.gov/incidents/2021/9/5/aruba-fire/,2021-09-09T16:46:17Z,2021-09-05,N,FALSE,FALSE
6a36efca-0cb1-465f-be4d-06b3e3b528c1,Caballo Fire,-120.09009,34.6776,Santa Barbara,2021-09-08T16:25:36Z,2021-09-08,Y,2021-09-06T14:54:06Z,Lead Agency: Santa Barbara County Fire,,"Caballo Ln and Avenida Caballo, northeast of Los Olivos",70,100,,,Wildfire,https://www.fire.ca.gov/incidents/2021/9/6/caballo-fire/,2021-09-08T16:25:24Z,2021-09-06,N,FALSE,FALSE
d3668f70-4e85-4962-8e8a-a0b8f1465500,Route Fire,-118.688821,34.569383,Los Angeles,2021-09-20T08:42:47Z,2021-09-17,Y,2021-09-11T16:06:47Z,USFS - Angeles National Forest,,"Golden State Hwy and Templin Hwy, north of Templin Hwy",464,100,,,Wildfire,https://www.fire.ca.gov/incidents/2021/9/11/route-fire/,2021-09-17T14:00:00Z,2021-09-11,N,FALSE,FALSE
b7a4e6df-7cef-4920-a585-031324b404f4,Hopkins Fire,-123.202039,39.232362,Mendocino,2021-09-20T17:10:09Z,2021-09-20,Y,2021-09-12T14:15:09Z,CAL FIRE Mendocino Unit,,Hopkins St and North State St. near Calpella in Mendocino County.,257,100,,"Cooperating Agencies: Mendocino County Sheriff’s Office, California Highway Patrol, Caltrans, California Conservation Corp, Hopland Fire Department, Ukiah Valley Fire Authority, Redwood Valley-Calpella Fire Department, Redwood Coast Fire Department, Brooktrails Fire Department, Potter Valley Fire Department, Little Lake Valley Fire Department, MedStar Ambulance, California Department of Corrections and Rehabilitation, California National Guard, Brooktrails Fire Department, Laytonville Fire Department",Wildfire,https://www.fire.ca.gov/incidents/2021/9/12/hopkins-fire/,2021-09-20T17:09:58Z,2021-09-12,N,TRUE,FALSE
cb9d8266-3c5e-4c42-97a8-fdf0fa69a6b1,Windy Fire,-118.625,36.058,Tulare,2021-11-12T12:02:15Z,2021-11-11,Y,2021-09-09T12:00:00Z,Sequoia National Forest / Tule River Indian Reservation,,"South of Windy Creek, Red Hill Indian Reservation",,,,Sequoia National Forest,Wildfire,https://www.fire.ca.gov/incidents/2021/9/9/windy-fire/,2021-11-11T12:02:02Z,2021-09-09,N,FALSE,FALSE
3d2add8f-fc17-42d2-8cdc-884d40c0912c,Emigrant Fire,-118.760816,34.665169,Los Angeles,2021-10-07T08:15:18Z,,Y,2021-09-17T13:34:00Z,Angeles National Forest,,"North Bound I-5 & Vista Del Lago Rd, Pyramid Lake",,,,Angeles National Forest,Wildfire,https://www.fire.ca.gov/incidents/2021/9/17/emigrant-fire/,,2021-09-17,N,FALSE,FALSE
f4be7c50-4b42-4534-90c7-82c52e4fa3cb,Childrens Fire,-119.792528,36.89365,Madera,2021-09-19T18:53:27Z,2021-09-19,Y,2021-09-19T11:40:00Z,CAL FIRE Madera-Mariposa-Merced Unit,,Childrens Blvd and Rio Mesa Blvd,42,100,,,Wildfire,https://www.fire.ca.gov/incidents/2021/9/19/childrens-fire/,2021-09-19T18:53:21Z,2021-09-19,N,TRUE,FALSE
e208c4a4-1477-4bfd-9fcd-c2d10271e617,University Fire,-117.333215,34.164501,San Bernardino,2021-09-23T19:20:54Z,2021-09-23,Y,2021-09-22T11:27:08Z,San Bernardino City Fire,,"I-215 and University Pkwy, San Bernardino",71,100,,San Bernardino City Fire,Wildfire,https://www.fire.ca.gov/incidents/2021/9/22/university-fire/,2021-09-23T19:00:00Z,2021-09-22,N,FALSE,FALSE
460ab87e-07e7-4931-8390-bd3fe60677b2,Fremont Fire,-122.416983,38.269863,"Napa, Sonoma",2021-09-23T07:09:47Z,2021-09-23,Y,2021-09-22T14:25:00Z,CAL FIRE Sonoma-Lake-Napa Unit,,"Fremont Drive and Napa Road, Sonoma",116,100,,CAL FIRE Sonoma-Lake-Napa Unit,Wildfire,https://www.fire.ca.gov/incidents/2021/9/22/fremont-fire/,2021-09-23T07:09:40Z,2021-09-22,N,FALSE,FALSE
1052ac46-526c-4ca1-a75c-7e91920ee6cb,Fawn Fire,-122.320243,40.729811,Shasta,2021-10-02T19:08:38Z,2021-10-02,Y,2021-09-22T16:45:00Z,CAL FIRE Shasta-Trinity Unit,,"Fawndale Rd and Radcliff Rd, 5 miles northeast of Shasta Lake",8578,100,,"Cooperating Agencies: Shasta County Fire Department, Redding Fire Department, Shasta Lake Fire Protection District, Mountain Gate Fire Protection District, United States Forest Service, Shasta County Sheriff’s Office, California Department of Corrections and Rehabilitation, California Conservation Corps, California National Guard, California Governor’s Office of Emergency Services, American Red Cross, Redding Police Department, California Highway Patrol",Wildfire,https://www.fire.ca.gov/incidents/2021/9/22/fawn-fire/,2021-10-02T18:53:52Z,2021-09-22,N,FALSE,FALSE
ffb98e82-9a8a-44fe-9d91-45ce3db74ef5,Maxwell Fire,-123.02375,40.649917,Trinity,2021-10-11T18:35:42Z,2021-10-11,Y,2021-10-05T15:34:31Z,CAL FIRE Shasta-Trinity Unit,,"Maxwell Creek Rd and Clems Flat, west of Douglas City",80,100,,,Wildfire,https://www.fire.ca.gov/incidents/2021/10/5/maxwell-fire/,2021-10-11T18:35:31Z,2021-10-05,N,TRUE,FALSE
66eaca2a-9aa7-41cf-a850-88f963cbf723,View Fire,-122.436754,40.287225,Tehama,2021-10-12T18:16:20Z,2021-10-12,Y,2021-10-11T14:35:42Z,CAL FIRE Tehama-Glen Unit,,"View Dr and Digger Pine Rd, Southwest of Cottonwood",24,100,,,Wildfire,https://www.fire.ca.gov/incidents/2021/10/11/view-fire/,2021-10-12T16:48:30Z,2021-10-11,N,TRUE,FALSE
23a7e559-d8b9-4333-bddc-ccf7cb2e7b3e,Kettle Fire,-119.960099,35.983649,Kings,2021-10-12T07:46:37Z,2021-10-12,Y,2021-10-11T18:43:59Z,Unified Command CAL FIRE and Kings County Fire,,"Highway 41 between Interstate 5 and Hwy 33, Southwest of Kettleman City.",447,100,,,Wildfire,https://www.fire.ca.gov/incidents/2021/10/11/kettle-fire/,2021-10-12T07:46:08Z,2021-10-11,N,TRUE,FALSE
8622a38c-551f-4ef0-9b25-0d0280ace921,Newell Fire,-122.241128,38.170366,Napa,2021-10-12T18:16:40Z,2021-10-12,Y,2021-10-11T20:02:23Z,CAL FIRE Sonoma Lake Napa Unit,,Newell Drive and Silver Oak Trail.,132,100,,,Wildfire,https://www.fire.ca.gov/incidents/2021/10/11/newell-fire/,2021-10-12T18:16:30Z,2021-10-11,N,TRUE,FALSE
de52a8d2-2c0e-4481-8d6c-9e4b7c2b9428,Alisal Fire,-120.136,34.553,Santa Barbara,2021-12-03T08:34:52Z,2021-11-20,Y,2021-10-11T14:30:12Z,Unified Command Santa Barbara County Fire and Los Padres National Forest,,Northwest of Refugio Canyon near Hwy 101 along the Gaviota Coast,16970,100,,"Santa Barbara County Fire, USFS - Los Padres National Forest",Wildfire,https://www.fire.ca.gov/incidents/2021/10/11/alisal-fire/,2021-11-20T08:34:41Z,2021-10-11,N,FALSE,FALSE
16f4a871-6b4e-493c-ada9-cff37913e521,Canal Fire,-122.277441,39.986836,Trinity,2021-10-21T11:04:05Z,2021-10-15,N,2021-10-14T16:49:00Z,CAL FIRE - Tehama-Glenn Unit,,"Canal View Rd and Paskenta Rd, northwest of Corning",59,100,,,Wildfire,https://www.fire.ca.gov/incidents/2021/10/14/canal-fire/,2021-10-15T08:37:57Z,2021-10-14,N,TRUE,FALSE
55df2f9c-3232-4643-970b-0286a1039507,Gravel Fire,-120.358206,41.862388,Modoc,2021-10-17T08:52:22Z,2021-10-16,Y,2021-10-15T15:15:00Z,USFS - Modoc National Forest,,"Highway 395 and Goose Lake, 27 Miles north of Alturas",200,100,,Modoc National Forest,Wildfire,https://www.fire.ca.gov/incidents/2021/10/15/gravel-fire/,2021-10-16T19:25:23Z,2021-10-15,N,FALSE,FALSE
5f34e7bc-b627-4baf-9e6e-ded2eec3c77a,Estrada Fire,-121.752106,37.013464,Santa Cruz,2021-10-20T18:31:21Z,,Y,2021-10-15T14:40:39Z,CZU,,Hazel Dell Road and Hidden Canyon. Northwest of Watsonville,148,100,,,Wildfire,https://www.fire.ca.gov/incidents/2021/10/15/estrada-fire/,,2021-10-15,N,TRUE,FALSE
8e7dcc1b-718b-4388-9e20-bef4b9b94385,Hollow Fire,-121.52692,37.62879,San Joaquin,2021-10-24T16:38:17Z,2021-10-24,Y,2021-10-24T13:40:00Z,,,"West Corral Hollow Rd and Site 300, 6 miles southwest of Tracy",150,100,,,Wildfire,https://www.fire.ca.gov/incidents/2021/10/24/hollow-fire/,2021-10-24T16:38:08Z,2021-10-24,N,FALSE,FALSE